Tipo do Dominio;Nome do Dominio;Descricao do Dominio;Codigo do Dominio;Dominio Habilitado;Codigo Tipo IF;MID;
CODIGO DO ATIVO VCP NA FONTE DE INFORMACAO;COM2-HOK2;COM2-HOK2;121;S;OPC;;
CODIGO DO ATIVO VCP NA FONTE DE INFORMACAO;IWF - IWD;IWF - IWD;347;S;OPC;S;
CONDIÇÃO ESPECÍFICA DE RESGATE;Detalhadas nas documentações de emissão;;14987;S;COE;N;
CONDIÇÃO ESPECÍFICA DE RESGATE;Verificação de níveis de preço;;15519;S;COE;N;
FONTE DE INFORMACAO;SISBACEN;FONTE INFORMA¿¿O DO TERMO DE MOEDAS SISBACEN (NUNCA ALTERAR);0;S;TER;;
FONTE DE INFORMACAO;FEEDER;FONTE INFORMA¿¿O DO TERMO DE MOEDAS FEEDER (NUNCA ALTERAR);1;S;TER;;
FONTE DE INFORMACAO;SPOT;FONTE INFORMA¿¿O DO TERMO DE MOEDAS SPOT (NUNCA ALTERAR);2;S;TER;;
FONTE DE INFORMACAO;SISBACEN/FEEDER;FONTE INFORMA¿¿O DO TERMO DE MOEDAS SISBACEN/FEEDER (NUNCA ALTERAR);3;S;TER;;
FONTE DE INFORMACAO;BLOOMBERG;BLOOMBERG;161;S;TER;N;
FONTE DE INFORMACAO;BLOOMBERG/SISBACEN;BLOOMBERG/SISBACEN;162;S;TER;N;
FONTE DE INFORMACAO;BANCO CENTRAL;BANCO CENTRAL;314;S;TER;N;
FONTE DE INFORMACAO;B3 ACOES NACIONAIS;B3 ACOES NACIONAIS;332;N;TER;N;
FONTE DE INFORMACAO;BLOOMBERG COMMODITIES;BLOOMBERG COMMODITIES;340;S;TER;N;
FONTE DE INFORMACAO;REUTERS;REUTERS;358;S;TER;N;
FONTE DE INFORMACAO;CONSECANA;CONSECANA;359;S;TER;S;
FONTE DE INFORMACAO;B3;B3;373;S;TER;N;
FONTE DE INFORMACAO (ATIVO VCP);ICE+NYMEX;ICE+NYMEX;122;S;OPC;;
FONTE DE INFORMACAO (ATIVO VCP);Bloomberg;Bloomberg;224;S;OPC;;
FONTE DE INFORMACAO (ATIVO VCP);Reuters;Reuters;225;S;OPC;;
FONTE DE INFORMACAO (ATIVO VCP);Sisbacen;Sisbacen;226;S;OPC;;
FONTE DE INFORMACAO (ATIVO VCP);B3;B3;227;S;OPC;;
FONTE DE INFORMACAO (ATIVO VCP);BCE;BCE;228;S;OPC;;
FONTE DE INFORMACAO (ATIVO VCP);CVM;CVM;334;S;OPC;S;
FONTE DE INFORMACAO (MOEDA DO ATIVO VCP);Bloomberg;Bloomberg;294;S;OPC;;
FONTE DE INFORMACAO (MOEDA DO ATIVO VCP);Reuters;Reuters;295;S;OPC;;
FONTE DE INFORMACAO (MOEDA DO ATIVO VCP);Sisbacen;Sisbacen;296;S;OPC;;
FONTE DE INFORMACAO (MOEDA DO ATIVO VCP);B3;B3;297;S;OPC;;
FONTE DE INFORMACAO (MOEDA DO ATIVO VCP);BCE;BCE;298;S;OPC;;
FUNCIONALIDADE;WATERMARK PERFORMANCE;WATERMARK PERFORMANCE;1;S;COE;;
FUNCIONALIDADE;PERFORMANCE ACUMULADA;PERFORMANCE ACUMULADA;2;S;COE;;
MOEDA DO ATIVO VCP;BATH TAILANDIA;BATH TAILANDIA;235;S;OPC;;
MOEDA DO ATIVO VCP;BOLIVAR FORTE VENEZ;BOLIVAR FORTE VENEZ;236;S;OPC;;
MOEDA DO ATIVO VCP;BOLIVIANO ;BOLIVIANO ;237;S;OPC;;
MOEDA DO ATIVO VCP;COROA DINAMARCA;COROA DINAMARCA;238;S;OPC;;
MOEDA DO ATIVO VCP;COROA NORUEGA;COROA NORUEGA;239;S;OPC;;
MOEDA DO ATIVO VCP;COROA SUECA;COROA SUECA;240;S;OPC;;
MOEDA DO ATIVO VCP;COROA TCHECA;COROA TCHECA;241;S;OPC;;
MOEDA DO ATIVO VCP;DINAR/KWAIT;DINAR/KWAIT;242;S;OPC;;
MOEDA DO ATIVO VCP;DIRHAM/EM.ARAB;DIRHAM/EM.ARAB;243;S;OPC;;
MOEDA DO ATIVO VCP;DOLAR AUSTRALIANO;DOLAR AUSTRALIANO;244;S;OPC;;
MOEDA DO ATIVO VCP;DOLAR CANADENSE;DOLAR CANADENSE;245;S;OPC;;
MOEDA DO ATIVO VCP;DOLAR CINGAPURA;DOLAR CINGAPURA;246;S;OPC;;
MOEDA DO ATIVO VCP;DOLAR DOS EUA;DOLAR DOS EUA;247;S;OPC;;
MOEDA DO ATIVO VCP;DOLAR HONG KONG;DOLAR HONG KONG;248;S;OPC;;
MOEDA DO ATIVO VCP;DOLAR/NOVA ZELANDIA;DOLAR/NOVA ZELANDIA;249;S;OPC;;
MOEDA DO ATIVO VCP;DONGUE VIETNAN;DONGUE VIETNAN;250;S;OPC;;
MOEDA DO ATIVO VCP;EURO/COM.EUROPEIA;EURO/COM.EUROPEIA;251;S;OPC;;
MOEDA DO ATIVO VCP;FLORIM HUNGARO;FLORIM HUNGARO;252;S;OPC;;
MOEDA DO ATIVO VCP;FRANCO SUICO;FRANCO SUICO;253;S;OPC;;
MOEDA DO ATIVO VCP;GUARANI PARAGUAI;GUARANI PARAGUAI;254;S;OPC;;
MOEDA DO ATIVO VCP;IENE;IENE;255;S;OPC;;
MOEDA DO ATIVO VCP;IUAN RENMIMBI;IUAN RENMIMBI;256;S;OPC;;
MOEDA DO ATIVO VCP;LIBRA ESTERLINA;LIBRA ESTERLINA;257;S;OPC;;
MOEDA DO ATIVO VCP;LIRA TURQUIA;LIRA TURQUIA;258;S;OPC;;
MOEDA DO ATIVO VCP;NOVO DOLAR TAIWAN;NOVO DOLAR TAIWAN;259;S;OPC;;
MOEDA DO ATIVO VCP;NOVO SOL NV;NOVO SOL NV;260;S;OPC;;
MOEDA DO ATIVO VCP;LEU/ROMENIA;LEU/ROMENIA;261;S;OPC;;
MOEDA DO ATIVO VCP;PESO ARGENTINO;PESO ARGENTINO;262;S;OPC;;
MOEDA DO ATIVO VCP;PESO CHILENO;PESO CHILENO;263;S;OPC;;
MOEDA DO ATIVO VCP;PESO COLOMBIANO;PESO COLOMBIANO;264;S;OPC;;
MOEDA DO ATIVO VCP;PESO FILIPINAS;PESO FILIPINAS;265;S;OPC;;
MOEDA DO ATIVO VCP;PESO MEXICANO;PESO MEXICANO;266;S;OPC;;
MOEDA DO ATIVO VCP;PESO URUGUAIO;PESO URUGUAIO;267;S;OPC;;
MOEDA DO ATIVO VCP;RANDE AFRICA DO SUL;RANDE AFRICA DO SUL;268;S;OPC;;
MOEDA DO ATIVO VCP;REAL;REAL;269;S;OPC;;
MOEDA DO ATIVO VCP;RIAL ARAB SAUDITA;RIAL ARAB SAUDITA;270;S;OPC;;
MOEDA DO ATIVO VCP;RIAL CATAR;RIAL CATAR;271;S;OPC;;
MOEDA DO ATIVO VCP;RINGGIT MALASIA;RINGGIT MALASIA;272;S;OPC;;
MOEDA DO ATIVO VCP;RUBLO RUSSIA;RUBLO RUSSIA;273;S;OPC;;
MOEDA DO ATIVO VCP;RUPIA INDIANA;RUPIA INDIANA;274;S;OPC;;
MOEDA DO ATIVO VCP;RUPIA INDONESIA;RUPIA INDONESIA;275;S;OPC;;
MOEDA DO ATIVO VCP;SOL PERUANO;SOL PERUANO;276;S;OPC;;
MOEDA DO ATIVO VCP;NOVO SOL;NOVO SOL;277;S;OPC;;
MOEDA DO ATIVO VCP;SUCRE;SUCRE;278;S;OPC;;
MOEDA DO ATIVO VCP;DOLAR CANADA;DOLAR CANADA;279;S;OPC;;
MOEDA DO ATIVO VCP;DOLAR CINGAPURA;DOLAR CINGAPURA;280;S;OPC;;
MOEDA DO ATIVO VCP;DOLAR N.ZELANDIA;DOLAR N.ZELANDIA;281;S;OPC;;
MOEDA DO ATIVO VCP;DOLAR SPOT;DOLAR SPOT;282;S;OPC;;
MOEDA DO ATIVO VCP;WON COREIA DO NORTE;WON COREIA DO NORTE;283;S;OPC;;
MOEDA DO ATIVO VCP;WON COREIA DO SUL;WON COREIA DO SUL;284;S;OPC;;
MOEDA DO ATIVO VCP;YUAN CHINA;YUAN CHINA;285;S;OPC;;
MOEDA DO ATIVO VCP;ZLOTY POLONIA;ZLOTY POLONIA;286;S;OPC;;
MOEDAS COM D0 SWAP;U30;HABILITA D0 PARA DOLAR 30/360;366;S;SWAP;S;
MOEDAS COM D0 SWAP;220;HABILITA D0 PARA DOLAR DOS EUA;367;S;SWAP;S;
MOEDAS COM D0 SWAP;978;HABILITA D0 PARA EURO/COM.EUROPEIA;368;S;SWAP;S;
MOEDAS COM D0 SWAP;205;HABILITA D0 DOLAR/HONG-KONG;369;S;SWAP;S;
MOEDAS COM D0 SWAP;796;HABILITA D0 RENMINBI HONG KON;374;S;SWAP;S;
MOTIVO DA ALTERACAO;Alteração de Ticker;Alteração de Ticker;181;S;;S;
MOTIVO DA ALTERACAO;DATA CONTINGENT;DATA CONTINGENT;201;S;;S;
MOTIVO DA ALTERACAO;AJUSTE DE TAXAS ESG;AJUSTE DE TAXAS ESG;202;S;;S;
MOTIVO DA ALTERACAO;Alteração de Códigos Platts;Alteração de Códigos Platts;331;S;;S;
MOTIVO DA ALTERACAO;Disponibilização de nova estrutura;Disponibilização de nova estrutura;333;S;;S;
MOTIVO DA ALTERACAO;Alteração Taxa Cupom;Alteração Taxa Cupom;335;S;SWAP;S;
MOTIVO DA ALTERACAO;Liquidação Efetiva;Inclusão de campos para estratégia;336;S;;S;
MOTIVO DA ALTERACAO;Amortização Extraordinária;Inclusão de campos para estratégias;337;S;;S;
MOTIVO DA ALTERACAO;Data Cotação Moeda Final;Data Cotação Moeda Final;339;S;SWAP;S;
MOTIVO DA ALTERACAO;DATA LIMITE PHOENIX;DATA LIMITE PHOENIX;349;S;SWAP;S;
MOTIVO DA ALTERACAO;% INDEXADOR;% INDEXADOR;350;S;SWAP;S;
PERIODO DE VERIFICACAO DAS BARREIRAS;Americana;Americana;311;S;OPC;;
PERIODO DE VERIFICACAO DAS BARREIRAS;Europeia;Europeia;312;S;OPC;;
REMUNERADOR NO FLUXO;SEM REMUNERACAO;SEM REMUNERACAO;0;S;COE;;
REMUNERADOR NO FLUXO;PRE;PRE;1;S;COE;;
REMUNERADOR NO FLUXO;DI;DI;2;S;COE;;
REMUNERADOR NO FLUXO;IPCA VCP;IPCA VCP;3;S;COE;;
REMUNERADOR NO FLUXO;USD VCP;USD VCP;5;S;COE;;
REMUNERADOR NO FLUXO;NO PERIODO;NO PERIODO;8;S;COE;;
REMUNERADOR NO FLUXO;NO PERÍODO + FIGURA;FLUXO CLIQUET VCP;12;S;COE;;
REMUNERADOR NO FLUXO;FIGURA 1066;Figura 1066;32;S;COE;;
REMUNERADOR NO FLUXO;FLUXO AUTOCALL VCP;FLUXO AUTOCALL VCP;52;S;COE;;
REMUNERADOR NO FLUXO;DI VCP;DI VCP;92;S;COE;;
REMUNERADOR NO FLUXO;FLUXO CONDICIONAL VCP;FLUXO CONDICIONAL VCP;112;S;COE;;
REMUNERADOR NO FLUXO;AMORTIZAÇÃO FUNDO - FIGURA 1082;Amortização Fundo - Figura 1082;213;S;COE;;
REMUNERADOR NO FLUXO;SOFR VCP;SOFR VCP;233;S;COE;;
REMUNERADOR NO FLUXO;EWZ VERIFICAÇÃO AUTOCALL;AUTOCALL;253;S;COE;;
REMUNERADOR NO VENCIMENTO;SEM REMUNERACAO;SEM REMUNERACAO;0;S;COE;;
REMUNERADOR NO VENCIMENTO;PRE;PRE;1;S;COE;;
REMUNERADOR NO VENCIMENTO;DI;DI;2;S;COE;;
REMUNERADOR NO VENCIMENTO;IPCA VCP;IPCA VCP;3;S;COE;;
REMUNERADOR NO VENCIMENTO;IBOVESPA VCP;IBOVESPA VCP;4;S;COE;;
REMUNERADOR NO VENCIMENTO;USD VCP;USD VCP;5;S;COE;;
REMUNERADOR NO VENCIMENTO;USD;USD;7;S;COE;;
REMUNERADOR NO VENCIMENTO;NO PERIODO;NO PERIODO;8;S;COE;;
REMUNERADOR NO VENCIMENTO;IBOVESPA;IBOVESPA;9;S;COE;;
REMUNERADOR NO VENCIMENTO;PRÉ LIN/360 + VC USD;Desabilitado para evitar problemas em produção associado ao ticket SDE-627;12;N;COE;;
REMUNERADOR NO VENCIMENTO;PRE LIN360 COM VC EM USD;Fator de Correção = USD Final/ USD Inicial. Fator de Juros= Pré Lin act/360;32;S;COE;;
REMUNERADOR NO VENCIMENTO;SOFR VCP;SOFR VCP;53;S;COE;;
TIPO CESTA;BEST OF;BEST OF;1;S;COE;;
TIPO CESTA;WORST OF;WORST OF;2;S;COE;;
TIPO CESTA;STANDARD;STANDARD;3;S;COE;;
TIPO CESTA;SPREAD;SPREAD;4;S;COE;;
TIPO CESTA;MEMORIZER;MEMORIZER;5;S;COE;;
TIPO CESTA;RAINBOW;RAINBOW;6;S;COE;;
TIPO CESTA;HIMALAYAN;HIMALAYAN;7;S;COE;;
TIPO CESTA;DUAL DIGITAL;DOMÍNIO DUAL DIGITAL;28;S;COE;;
TIPO DE COTACAO (MOEDA DO ATIVO VCP);Fechamento;Fechamento;287;S;OPC;;
TIPO DE COTACAO (MOEDA DO ATIVO VCP);Mínimo;Mínimo;288;S;OPC;;
TIPO DE COTACAO (MOEDA DO ATIVO VCP);Máximo;Máximo;289;S;OPC;;
TIPO DE COTACAO (MOEDA DO ATIVO VCP);Média;Média;290;S;OPC;;
TIPO DE COTACAO (MOEDA DO ATIVO VCP);Ajuste;Ajuste;291;S;OPC;;
TIPO DE COTACAO (MOEDA DO ATIVO VCP);Compra;Compra;292;S;OPC;;
TIPO DE COTACAO (MOEDA DO ATIVO VCP);Venda;Venda;293;S;OPC;;
TIPO DE COTACAO PARA VERIFICACAO DA BARREIRA DE KI;Fechamento;Fechamento;299;S;OPC;;
TIPO DE COTACAO PARA VERIFICACAO DA BARREIRA DE KI;Mínimo;Mínimo;300;S;OPC;;
TIPO DE COTACAO PARA VERIFICACAO DA BARREIRA DE KI;Máximo;Máximo;301;S;OPC;;
TIPO DE COTACAO PARA VERIFICACAO DA BARREIRA DE KI;Média;Média;302;S;OPC;;
TIPO DE COTACAO PARA VERIFICACAO DA BARREIRA DE KI;Ajuste;Ajuste;303;S;OPC;;
TIPO DE COTACAO PARA VERIFICACAO DA BARREIRA DE KO;Fechamento;Fechamento;304;S;OPC;;
TIPO DE COTACAO PARA VERIFICACAO DA BARREIRA DE KO;Mínimo;Mínimo;305;S;OPC;;
TIPO DE COTACAO PARA VERIFICACAO DA BARREIRA DE KO;Máximo;Máximo;306;S;OPC;;
TIPO DE COTACAO PARA VERIFICACAO DA BARREIRA DE KO;Média;Média;307;S;OPC;;
TIPO DE COTACAO PARA VERIFICACAO DA BARREIRA DE KO;Ajuste;Ajuste;308;S;OPC;;
TIPO DE COTACAO VCP;Fechamento Boletim 2005;Fechamento Boletim 2005;81;S;OPC;;
TIPO DE COTACAO VCP;Fechamento Boletim 2009;Fechamento Boletim 2009;82;S;OPC;;
TIPO DE COTACAO VCP;Fechamento;Fechamento;229;S;OPC;;
TIPO DE COTACAO VCP;Mínimo;Mínimo;230;S;OPC;;
TIPO DE COTACAO VCP;Máximo;Máximo;231;S;OPC;;
TIPO DE COTACAO VCP;Média;Média;232;S;OPC;;
TIPO DE COTACAO VCP;Ajuste;Ajuste;233;S;OPC;;
TIPO DE COTACAO VCP;VWAP;VWAP;234;S;OPC;;
TIPO DE EXERCICIO;Americana;Americana;309;S;OPC;;
TIPO DE EXERCICIO;Europeia;Europeia;310;S;OPC;;
