BANCO  BOCOM BBM S/A                                                                                ;BOCOMBBMBM          ;71070.40-9;BBMBM;15.114.366/0001-69;
BANCO ABC BRASIL S.A.                                                                               ;ABCBRASILBM         ;72760.40-2;ABCBM;28.195.667/0001-06;
BANCO ALFA S/A                                                                                      ;ALFABC              ;02980.40-3;ALFAC;03.323.840/0001-83;
BANCO ANDBANK (BRASIL) S/A                                                                          ;ANDBANKBM           ;70180.40-0;LEMOM;48.795.256/0001-69;
BANCO ARBI S/A                                                                                      ;ARBIBC              ;72130.40-3;ARBIM;54.403.563/0001-50;
BANCO BANDEPE S/A                                                                                   ;BANDEPEBM           ;70240.40-5;BEPEM;10.866.788/0001-77;
BANCO BLUEBANK S.A. - EM LIQUIDACAO EXTRAJUDICIAL                                                   ;BLUEBANKBM          ;76300.40-4;ICAPM;58.497.702/0001-02;
BANCO BMG CONSIGNADO S.A                                                                            ;BCOBMGBM            ;72770.40-9;SCHAM;50.585.090/0001-06;
BANCO BMG S/A                                                                                       ;BMGBM               ;79970.40-8;BMG M;61.186.680/0001-74;
BANCO BMG SOLUCOES FINANCEIRAS S.A.                                                                 ;CIFRABM             ;71330.40-0;GECAM;62.421.979/0001-29;
BANCO BNP PARIBAS BRASIL S/A                                                                        ;BNPPARIBASBM        ;77520.40-3;BNPBM;01.522.368/0001-82;
BANCO BRADESCARD S.A.                                                                               ;BRADESCARDBM        ;78230.40-0;IBIBM;04.184.779/0001-01;
BANCO BRADESCO BBI S/A                                                                              ;BRADESCOBBIBM       ;70360.40-2;MARAM;06.271.464/0001-19;
BANCO BRADESCO BERJ S/A                                                                             ;BRADBERJBM          ;70710.40-9;MAISM;33.147.315/0001-15;
BANCO BRADESCO FINANCIAMENTOS S/A                                                                   ;BRADESCOFINANCBM    ;73940.40-3;BMC M;07.207.996/0001-50;
BANCO BRADESCO FINANCIAMENTOS S/A                                                                   ;BRADESCOFINANCBM    ;71750.40-6;CONTM;07.207.996/0001-50;
BANCO BRADESCO S/A                                                                                  ;BRADESCOBM          ;70990.40-1;HSBCM;60.746.948/0001-12;
BANCO BRADESCO S/A                                                                                  ;BRADESCOBM          ;72370.40-7;BRADM;60.746.948/0001-12;
BANCO BS2 S.A.                                                                                      ;BS2BM               ;72180.40-8;BBS M;71.027.866/0001-34;
BANCO BTG PACTUAL S.A.                                                                              ;BTGPACTUALBM        ;72080.40-5;PACTM;30.306.294/0001-45;
BANCO B3 S.A.                                                                                       ;BCOB3BC             ;26760.40-3;BMFBC;00.997.185/0001-50;
BANCO CAIXA GERAL BRASIL S/A                                                                        ;CAIXAGERALBM        ;04730.40-0;BRORC;33.466.988/0001-38;
BANCO CARGILL S/A                                                                                   ;CARGILLBM           ;74580.40-8;CARGM;03.609.817/0001-50;
BANCO CATERPILLAR S/A                                                                               ;CATERPILLARBM       ;29407.40-2;CATEL;02.658.435/0001-53;
BANCO CEDULA S/A                                                                                    ;CEDULABM            ;72660.40-9;CEDUM;33.132.044/0001-24;
BANCO CITIBANK S/A                                                                                  ;CITIBM              ;77450.40-1;CITIM;33.479.023/0001-80;
BANCO CLASSICO S/A                                                                                  ;CLASSICOBM          ;72410.40-8;CLASM;31.597.552/0001-52;
BANCO CNH INDUSTRIAL CAPITAL S/A                                                                    ;CNHCAPITALBM        ;71250.40-1;CNH M;02.992.446/0001-75;
BANCO COOPERATIVO SICOOB S.A. - BANCO SICOOB                                                        ;COOPERATIVOBRBM     ;07560.40-2;BCOOC;02.038.232/0001-64;
BANCO COOPERATIVO SICREDI S/A                                                                       ;SICREDIBM           ;77480.40-2;SICRM;01.181.521/0001-55;
BANCO CREDIT AGRICOLE BRASIL S/A                                                                    ;AGRICOLEBM          ;78220.40-3;CRELM;75.647.891/0001-71;
BANCO C6 CONSIGNADO S.A                                                                             ;C6CONSIGNADOBM      ;76260.40-3;FIC M;61.348.538/0001-86;
BANCO C6 S.A.                                                                                       ;BCOC6BM             ;29590.40-5;BCOC6BM;31.872.495/0001-72;
BANCO DA AMAZONIA S/A                                                                               ;BASABC              ;00030.40-3;BASAC;04.902.979/0001-44;
BANCO DAYCOVAL S/A                                                                                  ;DAYCOVALBM          ;79960.40-1;DAYCM;62.232.889/0001-90;
BANCO DE DESENVOLV DO ESP SANTO S/A                                                                 ;BANESTESBD          ;00214.40-1;BDESD;28.145.829/0001-00;
BANCO DE DESENVOLVIMENTO DE MINAS GERAIS S.A. - BDMG                                                ;BDMGBD              ;00484.40-6;BDMGD;38.486.817/0001-94;
BANCO DE INVESTIMENTOS UBS (BRASIL) S.A.                                                            ;SUISSEBI            ;05051.40-1;GARAI;33.987.793/0001-33;
BANCO DE LA NACION ARGENTINA                                                                        ;LANACIONARGENTINABC ;03000.40-9;LANAC;33.042.151/0001-61;
BANCO DE LA PROVINCIA DE BUENOS AIRES                                                               ;BUENOSAIRESBC       ;04950.40-0;PROVC;44.189.447/0001-26;
BANCO DE LAGE LANDEN  BRASIL S/A                                                                    ;LAGEBM              ;70740.40-0;LAGEM;05.040.481/0001-82;
BANCO DIGIMAIS S/A                                                                                  ;DIGIMAISBM          ;76540.40-8;AJREM;92.874.270/0001-40;
BANCO DO BRASIL S/A                                                                                 ;BBBM                ;00010.40-9;BBSAC;00.000.000/0001-91;
BANCO DO BRASIL S/A                                                                                 ;BBBM                ;00270.40-7;BESCC;00.000.000/0001-91;
BANCO DO BRASIL S/A                                                                                 ;BBBM                ;00390.40-4;BEPIC;00.000.000/0001-91;
BANCO DO ESTADO DE SERGIPE S/A                                                                      ;BANESEBM            ;70470.40-2;BESEM;13.009.717/0001-46;
BANCO DO ESTADO DO RIO GRANDE DO SUL S/A                                                            ;BANRISULBM          ;70410.40-0;BERSM;92.702.067/0001-96;
BANCO DO ESTADO PARA S/A                                                                            ;BEPBM               ;70370.40-9;BEP M;04.913.711/0001-08;
BANCO DO NORDESTE DO BRASIL S/A                                                                     ;BNBBM               ;70040.40-9;BNBBM;07.237.373/0001-20;
BANCO FATOR S/A                                                                                     ;FATORBM             ;72650.40-2;FATRM;33.644.196/0001-06;
BANCO FIBRA S/A                                                                                     ;FIBRABM             ;72240.40-3;FIBRM;58.616.418/0001-08;
BANCO GENIAL S.A.                                                                                   ;GENIALBM            ;00565.40-4;EQUBI;45.246.410/0001-55;
BANCO GM S.A                                                                                        ;BCOGMBM             ;77260.40-2;GMOTM;59.274.605/0001-13;
BANCO GUANABARA S/A                                                                                 ;GUANABARABM         ;76120.40-2;CRFSM;31.880.826/0001-16;
BANCO HONDA S/A                                                                                     ;HONDABM             ;76190.40-1;HONDM;03.634.220/0001-65;
BANCO INBURSA S/A                                                                                   ;INBURSABM           ;86363.40-0;STANI;04.866.275/0001-63;
BANCO INDUSCRED DE INVESTIMENTO S/A                                                                 ;INDUSCREDBI         ;02581.40-0;INDCI;33.588.252/0001-32;
BANCO INDUSTRIAL DO BRASIL S/A                                                                      ;INDUSTRIALBRBM      ;79600.40-0;INDBM;31.895.683/0001-16;
BANCO INVESTCRED UNIBANCO S/A                                                                       ;INVESTCREDBC        ;72490.40-4;INVCM;61.182.408/0001-16;
BANCO ITAU VEICULOS S/A                                                                             ;ITAUVEICULOSBM      ;70750.40-7;BFIAM;61.190.658/0001-06;
BANCO ITAUBANK S.A.                                                                                 ;ITAUBANKBM          ;74790.40-1;BBOSM;60.394.079/0001-04;
BANCO ITAUCARD S/A                                                                                  ;ITAUCARDBM          ;72520.40-8;FINIM;17.192.451/0001-70;
BANCO J. SAFRA S/A                                                                                  ;JSAFRABM            ;75780.40-3;JSAFM;03.017.677/0001-20;
BANCO JOHN DEERE S.A.                                                                               ;JOHNDEEREBM         ;72170.40-1;INTNM;91.884.981/0001-32;
BANCO J.P. MORGAN S/A                                                                               ;JPMORGANBM          ;73760.40-1;CHASM;33.172.537/0001-98;
BANCO KEB HANA DO BRASIL S/A                                                                        ;KEBBC               ;07570.40-9;KEB C;02.318.507/0001-13;
BANCO LOSANGO S/A - BM                                                                              ;LOSANGOBM           ;00681.40-5;HSBCI;33.254.319/0001-00;
BANCO LUSO BRASILEIRO S/A                                                                           ;LUSOBRASILEIROBM    ;76000.40-5;LUSOM;59.118.133/0001-00;
BANCO MASTER MULTIPLO S.A. - EM LIQUIDACAO EXTRAJUDICIAL                                            ;BCOMASTERBM         ;79940.40-7;PRIMM;33.884.941/0001-94;
BANCO MASTER S/A - EM LIQUIDACAO EXTRAJUDICIAL                                                      ;MASTERBC            ;96560.40-6;MAXIC;33.923.798/0001-00;
BANCO MERCEDES BENZ DO BRASIL S/A                                                                   ;MERCEDESBBM         ;22227.40-7;DAIML;60.814.191/0001-57;
BANCO MIZUHO DO BRASIL S.A.                                                                         ;MIZUHOBM            ;03710.40-7;WESTM;61.088.183/0001-33;
BANCO MORGAN STANLEY S.A.                                                                           ;MORGANSTANLEYBM     ;77860.40-0;MORGM;02.801.938/0001-36;
BANCO MUFG BRASIL S.A.                                                                              ;MUFGBM              ;74550.40-7;BTM M;60.498.557/0001-26;
BANCO ORIGINAL S/A                                                                                  ;ORIGINALBM          ;72120.40-6;MATOM;92.894.922/0001-08;
BANCO PAN S/A                                                                                       ;PANBM               ;76230.40-2;PANAM;59.285.411/0001-13;
BANCO PAULISTA S/A                                                                                  ;PAULISTABM          ;06110.40-6;PAULC;61.820.817/0001-09;
BANCO PINE S/A                                                                                      ;PINEBM              ;70430.40-4;PINEM;62.144.175/0001-20;
BANCO PLENO SA - EM LIQUIDACAO EXTRAJUDICIAL                                                        ;PLENOBM             ;06530.40-2;INDUC;61.024.352/0001-71;
BANCO PORTO REAL DE INVESTIMENTOS S/A                                                               ;PORTOREALBI         ;06581.40-6;PORTI;40.429.946/0001-92;
BANCO RABOBANK INTERNATIONAL BRASIL S/A                                                             ;RABOBANKBM          ;77470.40-5;RABOM;01.023.570/0001-60;
BANCO REGIONAL DE DESENVOLVIMENTO DO EXTREMO SUL - BRDE                                             ;BRDEBD              ;17534.40-4;BRDED;92.816.560/0001-37;
BANCO RENDIMENTO S.A.                                                                               ;RENDIMENTOBC        ;06330.40-6;RENDC;68.900.810/0001-38;
BANCO RNX S.A                                                                                       ;RNXBM               ;79930.40-0;MAXIM;80.271.455/0001-80;
BANCO RURAL S/A - LIQUIDACAO EXTRAJUDICIAL                                                          ;RURALBM             ;74530.40-3;RURAM;33.124.959/0001-98;
BANCO SAFRA S/A                                                                                     ;SAFRABM             ;74220.40-7;SAFRM;58.160.789/0001-28;
BANCO SANTANDER (BRASIL) SA                                                                         ;BCOSANTANDERBM      ;70080.40-7;MERIM;90.400.888/0001-42;
BANCO SANTANDER (BRASIL) SA                                                                         ;BCOSANTANDERBM      ;73330.40-8;SANBM;90.400.888/0001-42;
BANCO SANTANDER (BRASIL) SA                                                                         ;BCOSANTANDERBM      ;73470.40-9;SUDAM;90.400.888/0001-42;
BANCO SANTANDER (BRASIL) SA                                                                         ;BCOSANTANDERBM      ;73510.40-0;BOZNM;90.400.888/0001-42;
BANCO SANTANDER (BRASIL) SA                                                                         ;BCOSANTANDERBM      ;73560.40-5;ABN M;90.400.888/0001-42;
BANCO SEMEAR S/A                                                                                    ;SEMEARBM            ;77430.40-7;EMBLM;00.795.423/0001-45;
BANCO SOCIETE GENERALE BRASIL S/A                                                                   ;SOCIETEGENERALEBM   ;70660.40-1;SOCIM;61.533.584/0001-55;
BANCO SOFISA S/A                                                                                    ;SOFISABM            ;76370.40-3;SOFIM;60.889.128/0001-80;
BANCO STELLANTIS S.A.                                                                               ;BANCOSTELLANTISBM   ;09771.40-2;FIDII;62.237.425/0001-76;
BANCO SUMITOMO MITSUI BRASILEIRO S/A                                                                ;SUMITOMOBM          ;74640.40-3;SUMIM;60.518.222/0001-22;
BANCO TOYOTA DO BRASIL S/A                                                                          ;BCOTOYOTABM         ;72670.40-6;TOYOM;03.215.790/0001-10;
BANCO TRIANGULO S/A                                                                                 ;TRIANGULOBM         ;76340.40-2;TRIAM;17.351.180/0001-59;
BANCO TRICURY S/A                                                                                   ;TRICURYBM           ;79740.40-1;TRICM;57.839.805/0001-40;
BANCO UBS (BRASIL) S.A.                                                                             ;SUISSEBM            ;75050.40-1;BGARM;32.062.580/0001-38;
BANCO VOLVO BRASIL S/A                                                                              ;VOLVOBM             ;70150.40-9;VOLVM;58.017.179/0001-70;
BANCO VR S/A                                                                                        ;VRBM                ;76100.40-8;VRB M;78.626.983/0001-63;
BANCO XP S/A                                                                                        ;XPBM                ;32441.40-0;XPBM ;33.264.668/0001-03;
BANESTES S/A BANCO DO ESTADO DO ESPIRITO SANTO                                                      ;BANESTESBM          ;70210.40-4;BEESM;28.127.603/0001-78;
BANK OF AMERICA MERRILL LYNCH BANCO MULTIPLO S/A                                                    ;MERRILLLYNCHBM      ;07551.40-4;MERRI;62.073.200/0001-21;
BANK OF CHINA (BRASIL) BANCO MULTIPLO S.A.                                                          ;BOCBM               ;73200.40-4;BIC M;07.450.604/0001-89;
BB BCO DE INVESTIMENTO S/A                                                                          ;BBBI                ;00011.40-8;BBSAI;24.933.830/0001-30;
BCO ALFA DE INVESTIMENTO S/A                                                                        ;ALFABI              ;22751.40-9;ALFAI;60.770.336/0001-65;
BCO MERCANTIL DE INVESTIMENTOS S/A                                                                  ;MERCANBRBI          ;03891.40-5;MERCI;34.169.557/0001-72;
BCO MERCANTIL DO BRASIL S/A                                                                         ;MERCANBRBM          ;73890.40-5;MECBM;17.184.037/0001-10;
BCO RIBEIRAO PRETO S/A                                                                              ;RIBEIRAOPRETOBM     ;77410.40-3;BRP M;00.517.645/0001-04;
BCO VOLKSWAGEN S/A                                                                                  ;VOLKSWAGENBM        ;79010.40-9;VOLKM;59.109.165/0001-49;
BCO VOTORANTIM S/A                                                                                  ;VOTORANTIMBM        ;76550.40-5;VOTRM;59.588.111/0001-03;
BCO.NACIONAL DESENV.ECON.SOCIAL - BNDES                                                             ;BNDESBD             ;00074.40-7;BNDED;33.657.248/0001-89;
BR PARTNERS BANCO DE INVESTIMENTO S.A.                                                              ;BRPARTNERSBI        ;16595.40-6;BRPARTNERSBI;13.220.493/0001-17;
BRB - BCO DE BRASILIA S/A                                                                           ;BRBBM               ;70700.40-2;BRBBM;00.000.208/0001-00;
CAIXA ECONOMICA FEDERAL                                                                             ;CEFCE               ;71040.40-8;CEF M;00.360.305/0001-04;
CITIBANK N A FILIAL BRASILEIRA                                                                      ;CITIBANKBC          ;04770.40-8;CITIC;33.042.953/0001-71;
DEUTSCHE BANK S/A - BANCO ALEMAO                                                                    ;DEUTSCHEBM          ;74870.40-0;DEUTM;62.331.228/0001-11;
GOLDMAN SACHS DO BRASIL BANCO MULTIPLO S/A                                                          ;GOLDMANSACHSBM      ;72900.40-6;GOLDMANSACHSBM;04.332.281/0001-30;
HAITONG BANCO DE INVESTIMENTO DO BRASIL S/A                                                         ;HAITONGBI           ;56941.40-5;BES I;34.111.187/0001-12;
ITAU UNIBANCO HOLDING S.A                                                                           ;ITAUHOLDINGBM       ;70460.40-5;BFBMM;60.872.504/0001-23;
ITAU UNIBANCO S.A.                                                                                  ;ITAUBM              ;73410.40-7;ITAUM;60.701.190/0001-04;
ITAU UNIBANCO S.A.                                                                                  ;ITAUBM              ;71840.40-2;BBA M;60.701.190/0001-04;
JPMORGAN CHASE BANK NATIONAL ASSOCIATION                                                            ;MORGANBC            ;04880.40-8;MORGC;46.518.205/0001-64;
MASSA FALIDA DO BANCO BVA S/A                                                                       ;BVABM               ;79240.40-6;BVABM;32.254.138/0001-03;
NOVO BANCO CONTINENTAL S.A. BANCO MULTIPLO                                                          ;NBCBM               ;07530.40-1;BCURC;74.828.799/0001-45;
OMNI BANCO S/A                                                                                      ;OMNIBM              ;76130.40-9;PECUM;60.850.229/0001-47;
OURIBANK S.A. BANCO MULTIPLO                                                                        ;OURINVESTBM         ;79790.40-6;OURIM;78.632.767/0001-20;
PARANA BANCO S/A                                                                                    ;PARANABM            ;72540.40-2;PARNM;14.388.334/0001-99;
SCOTIABANK BRASIL S/A BANCO MULTIPLO                                                                ;SCOTIABANKBM        ;77510.40-6;DREBM;29.030.467/0001-66;
SOCIAL BANK BANCO MULTIPLO SA                                                                       ;SOCIALBANKBM        ;74120.40-4;CAPTM;15.173.776/0001-80;
STELLANTIS FINANCIAMENTOS SOCIEDADE DE CREDITO FINANCIAMENTO E INVESTIMENTO S.A.                    ;STELLANTISCFI       ;70090.40-4;PSA M;03.502.961/0001-92;
